KNN,NN
0.6084639498432602,0.5153605
