KNN,NN
0.614314115308151,0.50861496
